id,header_img_url
1,https://images.unsplash.com/photo-1519995451813-39e29e054914?ixlib=rb-1.2.1&ixid=eyJhcHBfaWQiOjUyODM0fQ&auto=format&fit=crop&w=800&q=80
2,https://images.unsplash.com/photo-1526628953301-3e589a6a8b74?ixlib=rb-1.2.1&ixid=eyJhcHBfaWQiOjUyODM0fQ&auto=format&fit=crop&w=800&q=80
3,https://images.unsplash.com/photo-1498192467103-290f567eb3a3?ixlib=rb-1.2.1&ixid=eyJhcHBfaWQiOjUyODM0fQ&auto=format&fit=crop&w=800&q=80
4,https://images.unsplash.com/photo-1519995451813-39e29e054914?ixlib=rb-1.2.1&ixid=eyJhcHBfaWQiOjUyODM0fQ&auto=format&fit=crop&w=800&q=80
6,https://images.unsplash.com/photo-1470549638415-0a0755be0619?ixlib=rb-1.2.1&ixid=eyJhcHBfaWQiOjUyODM0fQ&auto=format&fit=crop&w=800&q=80
7,https://images.unsplash.com/photo-1518186285589-2f7649de83e0?ixlib=rb-1.2.1&ixid=eyJhcHBfaWQiOjUyODM0fQ&auto=format&fit=crop&w=800&q=80
8,https://images.unsplash.com/photo-1526628953301-3e589a6a8b74?ixlib=rb-1.2.1&ixid=eyJhcHBfaWQiOjUyODM0fQ&auto=format&fit=crop&w=800&q=80
9,https://images.unsplash.com/photo-1540234142602-e9abed6768c0?ixlib=rb-1.2.1&ixid=eyJhcHBfaWQiOjUyODM0fQ&auto=format&fit=crop&w=800&q=80
11,https://images.unsplash.com/photo-1503598747855-c67626b0f805?ixlib=rb-1.2.1&ixid=eyJhcHBfaWQiOjUyODM0fQ&auto=format&fit=crop&w=800&q=80
12,
13,
14,https://images.unsplash.com/photo-1523958203904-cdcb402031fd?ixlib=rb-1.2.1&ixid=eyJhcHBfaWQiOjUyODM0fQ&auto=format&fit=crop&w=800&q=80
15,
16,
17,https://images.unsplash.com/photo-1533281808624-e9b07b4294ff?ixlib=rb-1.2.1&ixid=eyJhcHBfaWQiOjUyODM0fQ&auto=format&fit=crop&w=800&q=80
18,
19,
20,https://images.unsplash.com/photo-1501466044931-62695aada8e9?ixlib=rb-1.2.1&ixid=eyJhcHBfaWQiOjUyODM0fQ&auto=format&fit=crop&w=800&q=80
21,
22,
23,
24,
25,
26,
27,https://images.unsplash.com/photo-1523292562811-8fa7962a78c8?ixlib=rb-1.2.1&ixid=eyJhcHBfaWQiOjUyODM0fQ&auto=format&fit=crop&w=800&q=80
28,https://images.unsplash.com/photo-1496112872005-7bb0b50dad9c?ixlib=rb-1.2.1&ixid=eyJhcHBfaWQiOjUyODM0fQ&auto=format&fit=crop&w=800&q=80
29,
30,
31,https://images.unsplash.com/photo-1423450822265-fcd97e52ecb5?ixlib=rb-1.2.1&ixid=eyJhcHBfaWQiOjUyODM0fQ
32,https://images.unsplash.com/photo-1532348269457-0e754d92a0c6?ixlib=rb-1.2.1&ixid=eyJhcHBfaWQiOjUyODM0fQ&auto=format&fit=crop&w=800&q=80
33,https://images.unsplash.com/photo-1526378800651-c32d170fe6f8?ixlib=rb-1.2.1&ixid=eyJhcHBfaWQiOjUyODM0fQ
34,https://images.unsplash.com/photo-1523759533935-e4b770303b1d?ixlib=rb-1.2.1&ixid=eyJhcHBfaWQiOjUyODM0fQ
35,https://images.unsplash.com/photo-1516245834210-c4c142787335?ixlib=rb-1.2.1&ixid=eyJhcHBfaWQiOjUyODM0fQ